distance,ratio
355,0.009613743
428,0.00996587
502,0.010321977
570,0.010687953
785,0.011755988
