distance,ratio
355,0.009350743
785,0.013005988
