distance,ratio
1985,0.019110814
1235,0.034084078
