distance,ratio
1235,0.020730238
738,0.011242983

